{"_author":"Automatically generated with player_creator.js 0.9.1 (mu=0.8473925942719224, sigma=0.04786559652347166)","name":"Player Level 2","params":{"lines_18_safe":[0.3131832681544817,0.14883675110968192,0.06123923329332047,0.47674074744251577],"lines_19_safe":[0.3393244457915902,0.28245414827754534,0.08027705758882138,0.2979443483420431],"lines_18_danger":[0.7034212340663502,0.1706855201933942,0.05390810576644897,0.07198513997380666],"lines_19_danger":[0.6264865519323886,0.26770162749065873,0.0620490803744038,0.04376274020254887],"lines_29":[0.7193539808165182,0.14320475470500918,0.07922966590046553,0.058211598578007014],"safe_to_danger":[0.015190866306271943,0.06725464732737074,0.26937624546558836],"danger_to_safe":[0.0737841493965877,0.028307853581315406,0],"danger_to_death":[0.0015369442925659608,0.009245597662337117,1],"use_drop":0}}