{"_author":"Automatically generated with player_creator.js 0.9.1 (mu=0.8163342327613233, sigma=0.07281198856939401)","name":"Player Level 3","params":{"lines_18_safe":[0.34687410016363934,0.1480297371389399,0.0565665396720644,0.4485296230253563],"lines_19_safe":[0.3357560584001766,0.28013002868351067,0.0771186430466064,0.3069952698697063],"lines_18_danger":[0.6978768447578111,0.1701424135399491,0.06326068019615376,0.068720061506086],"lines_19_danger":[0.6341385683334744,0.2745773715858015,0.0575032568814071,0.03378080319931702],"lines_29":[0.7126446728853247,0.14553587958591213,0.08165264977849204,0.060166797750271096],"safe_to_danger":[0.01518011947649122,0.06814966481303805,0.3853892541492645],"danger_to_safe":[0.07569079563177422,0.028872542373782423,0],"danger_to_death":[0.0014821958528636599,0.010659271569801763,1],"use_drop":1}}