{"_author":"Automatically generated with player_creator.js 0.9.1 (mu=0.1022143841345749, sigma=0.05077412887129006)","name":"Player Level 0","params":{"lines_18_safe":[0.4398513114261419,0.15261175054289863,0.09567867727998601,0.3118582607509734],"lines_19_safe":[0.4836883699083069,0.21527941013016447,0.14224096343512624,0.1587912565264023],"lines_18_danger":[0.7000625592698794,0.15045659942532472,0.0959675742103135,0.05351326709448231],"lines_19_danger":[0.7891955599136595,0.11813622374785787,0.09089230599083681,0.001775910347645744],"lines_29":[0.784791449109993,0.10458698731396768,0.0993300165999565,0.011291546976082777],"safe_to_danger":[0.03215246036848751,0.13995154200125529,0.7434958126186157],"danger_to_safe":[0.03646269139112031,0.020614952060948797,0],"danger_to_death":[0.004645116368421704,0.0237585335997426,1],"use_drop":1}}