{"_author":"Automatically generated with player_creator.js 0.9.1 (mu=0.4282048031340314, sigma=0.06288087749807253)","name":"Player Level 1","params":{"lines_18_safe":[0.38202028646612907,0.1480308615189447,0.07684701495109184,0.39310183706383445],"lines_19_safe":[0.40467938111746354,0.2388194180600426,0.11747952316517722,0.23902167765731652],"lines_18_danger":[0.7022553667125796,0.16215530931958827,0.07741214846352223,0.05817717550431],"lines_19_danger":[0.7123503315171116,0.18402164363089069,0.07845604952721322,0.025171975324784508],"lines_29":[0.7549809746018673,0.12256384798190458,0.09019533178222516,0.03225984563400299],"safe_to_danger":[0.025718146817127356,0.099406955667007,0.4965586561432828],"danger_to_safe":[0.05737777056743041,0.022458970552253186,0],"danger_to_death":[0.0028989582670882782,0.017231392340829852,1],"use_drop":1}}