{"_author":"Automatically generated with player_creator.js 0.9.1 (mu=0.9294885403980044, sigma=0.016065455643541435)","name":"Player Level 4","params":{"lines_18_safe":[0.3123761235327468,0.1507884458765076,0.0538043665613604,0.48303106402938517],"lines_19_safe":[0.3171494407602191,0.2917424304051221,0.07382180775929807,0.3172863210753606],"lines_18_danger":[0.6997477909795876,0.17315905281963917,0.05361240492703244,0.07348075127374078],"lines_19_danger":[0.6178792430887818,0.28394577180549324,0.051907949417202344,0.04626703568852259],"lines_29":[0.7077147467823799,0.14557021126497416,0.07703896107844732,0.0696760808741985],"safe_to_danger":[0.013698311253843558,0.05735786191225711,0.24248749102364564],"danger_to_safe":[0.0774953217310365,0.029463438338358128,0],"danger_to_death":[0.000789244330755205,0.008027849505434243,1],"use_drop":0}}