{"_author":"Automatically generated with player_creator.js 0.9.1 (mu=0.8627858381621861, sigma=0.07783154621074834)","name":"Player Level 2","params":{"lines_18_safe":[0.316322678837261,0.15165984291514,0.05733304452943234,0.4746844337181666],"lines_19_safe":[0.3294771939481969,0.29741301709347323,0.08779359049927102,0.28531619845905887],"lines_18_danger":[0.7050956196782562,0.17072184804675314,0.05110609909295826,0.07307643318203239],"lines_19_danger":[0.6370716213430994,0.2638141399989269,0.05043028053678885,0.04868395812118497],"lines_29":[0.711810992640417,0.1435976233848703,0.07638893095583484,0.0682024530188778],"safe_to_danger":[0.016434692041866216,0.07736477115070893,0.2952222710912924],"danger_to_safe":[0.08034227692409246,0.028634730612557554,0],"danger_to_death":[0.0019376248696132401,0.010040679260344345,1],"use_drop":1}}