{"_author":"Automatically generated with player_creator.js 0.9.1 (mu=0.8490374592639998, sigma=0.06394900478400725)","name":"Player Level 3","params":{"lines_18_safe":[0.32302377736532434,0.15499010667098306,0.05689110024459552,0.4650950157190971],"lines_19_safe":[0.3233129651871328,0.29210310909223924,0.08306073254619532,0.3015231931744326],"lines_18_danger":[0.6972264679894499,0.1730474748692638,0.057488139184083624,0.07223791795720293],"lines_19_danger":[0.635990928754436,0.2611936726203813,0.06121560476155137,0.041599793863631364],"lines_29":[0.7134218240081338,0.14247454716128818,0.07926002741274185,0.06484360141783611],"safe_to_danger":[0.0161597545831043,0.06551578960536428,0.22544728027049032],"danger_to_safe":[0.07846850314728607,0.027711467245377916,0],"danger_to_death":[0.001651471701489105,0.00852918232831592,1],"use_drop":1}}