{"_author":"Automatically generated with player_creator.js 0.9.1 (mu=0.01749314750436054, sigma=0.04365275340344605)","name":"Player Level 0","params":{"lines_18_safe":[0.4542790323922903,0.15120820189161358,0.10004527102718477,0.29446749468891137],"lines_19_safe":[0.4921710617681937,0.20262088082718027,0.14287951621899692,0.1623285411856291],"lines_18_danger":[0.7001384191874005,0.1517741628612072,0.09716997216229216,0.05091744578910012],"lines_19_danger":[0.7862072181808367,0.11232393890632698,0.09961238979096508,0.001856453121871139],"lines_29":[0.7967929684822336,0.10061448064715421,0.09846883514685928,0.004123715723752999],"safe_to_danger":[0.036288304576326987,0.14883841481255786,0.797219291904242],"danger_to_safe":[0.02964635601244206,0.019357738794413767,0],"danger_to_death":[0.005049299867415903,0.025829548821444212,1],"use_drop":0}}