{"_author":"Automatically generated with player_creator.js 0.9.1 (mu=0.9725377465114485, sigma=0.042806241988026475)","name":"Player Level 4","params":{"lines_18_safe":[0.30869177201269493,0.14931470998040952,0.04887410415504965,0.49311941385184593],"lines_19_safe":[0.309549905788419,0.29734149625924605,0.07120950988101493,0.3218990880713199],"lines_18_danger":[0.6984177836950531,0.1745650305186094,0.05139307731651432,0.07562410846982318],"lines_19_danger":[0.6087482581114475,0.29281786339598365,0.05187078784835415,0.04656309064421475],"lines_29":[0.708395901432154,0.15106731810369273,0.07671280421319308,0.06382397625096023],"safe_to_danger":[0.012664737463692843,0.056189583885975586,0.20127650749418013],"danger_to_safe":[0.08013574081712577,0.029932107816597275,0],"danger_to_death":[0.0006540152808042314,0.006551475301965381,1],"use_drop":1}}