{"_author":"Automatically generated with player_creator.js 0.9.1 (mu=0.4083136623879465, sigma=0.02298200434563298)","name":"Player Level 1","params":{"lines_18_safe":[0.38668301311712266,0.15085876829411327,0.08087696065667187,0.3815812579320922],"lines_19_safe":[0.42010060157479356,0.24177115095548063,0.12096387495728031,0.21716437251244544],"lines_18_danger":[0.6997958203427812,0.1603359315950135,0.08013155743809373,0.05973669062411158],"lines_19_danger":[0.7148633971371645,0.18525222710032177,0.07865984895356187,0.021224526808951698],"lines_29":[0.7581359860215348,0.11957634206036709,0.09068729284168534,0.0316003790764128],"safe_to_danger":[0.02556189805777919,0.11083599572170044,0.5565443445136892],"danger_to_safe":[0.049600603840384644,0.024250884501131446,0],"danger_to_death":[0.003153938841512364,0.017554196550667714,1],"use_drop":0}}