{"_author":"Automatically generated with player_creator.js 0.9.1 (mu=0.9418145159268795, sigma=0.03933433315865403)","name":"Player Level 4","params":{"lines_18_safe":[0.30900436105820844,0.1501813856563867,0.05320570867878043,0.4876085446066244],"lines_19_safe":[0.30709394795921413,0.29397643471132845,0.07603178408324851,0.32289783324620874],"lines_18_danger":[0.6997066738196592,0.17474302229003566,0.05250002855539979,0.07305027533490527],"lines_19_danger":[0.6164353444101622,0.28209023306373676,0.05259811780980323,0.048876304716297746],"lines_29":[0.70129001158784,0.1491279656102811,0.07616574411409882,0.07341627868778011],"safe_to_danger":[0.013854346291168471,0.05413737767992803,0.24961356613214924],"danger_to_safe":[0.0805246884266442,0.029938925985361665,0],"danger_to_death":[0.00044992554540832994,0.008123036326117706,1],"use_drop":0}}