{"_author":"Automatically generated with player_creator.js 0.9.1 (mu=0.2318377613140224, sigma=0.05112837906440085)","name":"Player Level 0","params":{"lines_18_safe":[0.4142364375214147,0.14870120377979085,0.0895170242266542,0.34754533447214014],"lines_19_safe":[0.45809640810749686,0.219307248501104,0.1353597268284708,0.18723661656292828],"lines_18_danger":[0.7014035991710291,0.15838603709766802,0.08724651141690005,0.05296385231440285],"lines_19_danger":[0.7475571354175085,0.15685002633585812,0.08762781634558574,0.007965021901047654],"lines_29":[0.775452263725046,0.11406757051659147,0.09521426903804026,0.015265896720322318],"safe_to_danger":[0.027984922228739197,0.13081515948802513,0.6852044579398109],"danger_to_safe":[0.036489708487778105,0.02282081265252025,0],"danger_to_death":[0.003512853416098715,0.020964766877412687,1],"use_drop":1}}