{"_author":"Automatically generated with player_creator.js 0.9.1 (mu=0.8843847781539315, sigma=0.062020693098418754)","name":"Player Level 2","params":{"lines_18_safe":[0.32640961761661824,0.149292770941507,0.052160596057939206,0.4721370153839355],"lines_19_safe":[0.3247933617085341,0.29104941148290553,0.07353414660430466,0.3106230802042556],"lines_18_danger":[0.698800784360866,0.17083433839736198,0.05682998488316634,0.07353489235860569],"lines_19_danger":[0.6231325061581269,0.2799401244018652,0.0549614179976346,0.04196595144237327],"lines_29":[0.7166763158697917,0.1470489513329263,0.07936246286947442,0.05691226992780753],"safe_to_danger":[0.01427284595937263,0.060737602557278905,0.2539945518470018],"danger_to_safe":[0.07518134353384734,0.028764922633012398,0],"danger_to_death":[0.0010553666234102421,0.007986364809643126,1],"use_drop":1}}