{"_author":"Automatically generated with player_creator.js 0.9.1 (mu=0.574092111906206, sigma=0.07692411479709389)","name":"Player Level 1","params":{"lines_18_safe":[0.3611544797558199,0.15202101202081064,0.07440531453691482,0.41241919368645463],"lines_19_safe":[0.4003122565307016,0.2536019971287405,0.11012995162450133,0.2359557947160565],"lines_18_danger":[0.6994326945237336,0.16649846216199385,0.0692339017192126,0.06483494159506001],"lines_19_danger":[0.6757694639011921,0.22837432771881222,0.07259742856724848,0.02325877981274712],"lines_29":[0.7378564152068349,0.13172532322358987,0.08510234043295031,0.04531592113662485],"safe_to_danger":[0.023666273007723934,0.09785537208120385,0.5074072982642419],"danger_to_safe":[0.0549068144233687,0.02568019235222096,0],"danger_to_death":[0.0030530301843680243,0.01358039753389649,1],"use_drop":1}}