{"_author":"Automatically generated with player_creator.js 0.9.1 (mu=0.9199651713066452, sigma=0.044029225072544635)","name":"Player Level 3","params":{"lines_18_safe":[0.32508333277785106,0.14828147352981477,0.047195466899036094,0.47943972679329805],"lines_19_safe":[0.32055771724100696,0.2899415024072043,0.08038677574385776,0.309114004607931],"lines_18_danger":[0.7017612858102908,0.17081969220726104,0.05371109938446026,0.0737079225979879],"lines_19_danger":[0.6199813555817942,0.2776252103306016,0.05510462814710291,0.04728880594050113],"lines_29":[0.7010493686465197,0.14782592060474,0.07750228237051753,0.07362242837822291],"safe_to_danger":[0.014696991895659654,0.05760661798876411,0.23780016977835194],"danger_to_safe":[0.07475798550889776,0.029827137788761383,0],"danger_to_death":[0.0007417733171402796,0.007912645456710901,1],"use_drop":1}}