{"_author":"Automatically generated with player_creator.js 0.9.1 (mu=0.5942537950525659, sigma=0.048632313693958554)","name":"Player Level 1","params":{"lines_18_safe":[0.3701778171568937,0.1503040894683384,0.06944432056000363,0.4100737728147643],"lines_19_safe":[0.38195774485491035,0.2571510506862288,0.10439531569178691,0.256495888767074],"lines_18_danger":[0.7006512723950632,0.1654976291920796,0.06952886645187885,0.06432223196097844],"lines_19_danger":[0.690857979866409,0.21030078215487796,0.07232217509997016,0.026519062878742807],"lines_29":[0.7464723896957745,0.12760705705839354,0.08711679637164063,0.03880375687419139],"safe_to_danger":[0.02150758498188621,0.09010507900949707,0.47448147418989184],"danger_to_safe":[0.05851344422565214,0.026107077160645087,0],"danger_to_death":[0.00233149787206947,0.014716544028700606,1],"use_drop":0}}