{"_author":"Automatically generated with player_creator.js 0.9.1 (mu=0.6683257948336114, sigma=0.06813128783242751)","name":"Player Level 2","params":{"lines_18_safe":[0.36213018595410534,0.15312753014672004,0.06590381055771038,0.41883847334146423],"lines_19_safe":[0.37421399275222456,0.2669359984877868,0.10091485751913776,0.25793515124085087],"lines_18_danger":[0.7027743548733758,0.1650989347373338,0.06361578110594936,0.06851092928334099],"lines_19_danger":[0.683386562009857,0.21159968072565383,0.07131982839964207,0.03369392886484705],"lines_29":[0.725362274812751,0.13053334097097574,0.08307501669742136,0.061029367518852094],"safe_to_danger":[0.020359076345506894,0.0815305437471058,0.40211395220741103],"danger_to_safe":[0.06916351445912662,0.027025930821967036,0],"danger_to_death":[0.0019427236808154161,0.011698702297233372,1],"use_drop":0}}