{"_author":"Automatically generated with player_creator.js 0.9.1 (mu=0.27084962262622564, sigma=0.05279881429469886)","name":"Player Level 0","params":{"lines_18_safe":[0.405514459817781,0.15146943104810554,0.08669744512354959,0.3563186640105637],"lines_19_safe":[0.44249645973106877,0.23423073995653795,0.12724493102588957,0.1960278692865037],"lines_18_danger":[0.698699517616027,0.15535001190272868,0.08957626990308218,0.05637420057816223],"lines_19_danger":[0.7616527403631929,0.1351702532821029,0.08753081256747429,0.015646193787229878],"lines_29":[0.7759429789913653,0.11310198140842322,0.09257042379021031,0.018384615810001236],"safe_to_danger":[0.02814315550039281,0.12677854305709638,0.6699996618497813],"danger_to_safe":[0.03862388175798923,0.022620248447252158,0],"danger_to_death":[0.003958282441741615,0.01943756286766846,1],"use_drop":0}}