{"_author":"Automatically generated with player_creator.js 0.9.1 (mu=0.9799484472171994, sigma=0.07827846151522992)","name":"Player Level 4","params":{"lines_18_safe":[0.30578000230821756,0.14815380385452095,0.049256230755553375,0.49680996308170794],"lines_19_safe":[0.31101818652283747,0.29234572792324015,0.07964874692714602,0.3169873386267764],"lines_18_danger":[0.6966200624113417,0.17286825110507792,0.054039434415983106,0.07647225206759715],"lines_19_danger":[0.6102530004131347,0.29764971229192483,0.044478414893567124,0.047618872401373344],"lines_29":[0.7087526007333393,0.14470178480140933,0.07431589159248583,0.07222972287276556],"safe_to_danger":[0.011056675951159691,0.046875903846161235,0.23262864945909945],"danger_to_safe":[0.07964444937775234,0.02912692014941558,0],"danger_to_death":[0.0009989707455971258,0.0079833195722194,1],"use_drop":0}}