{"_author":"Automatically generated with player_creator.js 0.9.1 (mu=0.8097992557539038, sigma=0.02967060638085158)","name":"Player Level 3","params":{"lines_18_safe":[0.3249865380835937,0.15072329811254245,0.061151844828140005,0.4631383189757239],"lines_19_safe":[0.3388145165490831,0.28224784732024316,0.08448020402407777,0.2944574321065959],"lines_18_danger":[0.6983338625602203,0.17061704510596581,0.060944853778743716,0.07010423855507018],"lines_19_danger":[0.6329159049997432,0.2698951298820225,0.0596724894639078,0.03751647565432642],"lines_29":[0.7201068292697752,0.1395354250128572,0.07985221721319083,0.060505528504176835],"safe_to_danger":[0.016073276052633978,0.06409312712331736,0.3152313463036753],"danger_to_safe":[0.0672577385750866,0.0278802600499803,0],"danger_to_death":[0.001499122491291823,0.011272666512369248,1],"use_drop":1}}