{"_author":"Automatically generated with player_creator.js 0.9.1 (mu=0.9746562479378182, sigma=0.04071220924148772)","name":"Player Level 3","params":{"lines_18_safe":[0.3088556718279672,0.15133014708398446,0.05273963074340122,0.48707455034464725],"lines_19_safe":[0.3017252679411426,0.2971726993831122,0.07358043931918627,0.32752159335655895],"lines_18_danger":[0.7003324205625517,0.17526177198653495,0.04930538645788185,0.07510042099303134],"lines_19_danger":[0.5998587426874405,0.30081762283683366,0.05140810073064107,0.04791553374508472],"lines_29":[0.7078054255611143,0.14903283426939823,0.0737405060000739,0.06942123416941356],"safe_to_danger":[0.012380973117516892,0.0516666991989122,0.23643911390775152],"danger_to_safe":[0.07948485258487502,0.029472207482158744,0],"danger_to_death":[0.0007685731845716529,0.005882220542411307,1],"use_drop":0}}