{"_author":"Automatically generated with player_creator.js 0.9.1 (mu=0.2869338661280801, sigma=0.04719046464734576)","name":"Player Level 0","params":{"lines_18_safe":[0.4075479689766287,0.14653334199818596,0.08143712306104739,0.36448156596413794],"lines_19_safe":[0.44808556206190264,0.22690019465458977,0.12275048028518631,0.2022637629983213],"lines_18_danger":[0.7035849929586121,0.15752387804656426,0.08375406080895305,0.05513706818587048],"lines_19_danger":[0.7345087842527885,0.16530991922885546,0.089177989973059,0.011003306545297067],"lines_29":[0.768495113030226,0.11303970079077921,0.09366902282908941,0.024796163349905437],"safe_to_danger":[0.028356365269925833,0.1258332127139418,0.6582076791134311],"danger_to_safe":[0.04435916254612897,0.022623324109193176,0],"danger_to_death":[0.003546880141543106,0.018785168641879582,1],"use_drop":0}}