{"_author":"Automatically generated with player_creator.js 0.9.1 (mu=0.9600662062031946, sigma=0.09160131132546027)","name":"Player Level 4","params":{"lines_18_safe":[0.3067608643698433,0.15151541702879262,0.051024500156989054,0.4906992184443749],"lines_19_safe":[0.31918553525614224,0.2798525542117022,0.07492791839881888,0.3260339921333367],"lines_18_danger":[0.7019349705736769,0.17360750620772739,0.051785687428989514,0.07267183578960619],"lines_19_danger":[0.6184009627488624,0.2863455033999833,0.05724361783061434,0.038009916020540054],"lines_29":[0.7171950016324483,0.15505447843625003,0.06841207682492798,0.059338443106373685],"safe_to_danger":[0.013433778255294307,0.05441660003213156,0.27359560684177553],"danger_to_safe":[0.08206766551278186,0.02946817778724336,0],"danger_to_death":[0.0011702936643288976,0.00669102101461835,1],"use_drop":0}}