{"_author":"Automatically generated with player_creator.js 0.9.1 (mu=0.7590814532393412, sigma=0.046166368843493163)","name":"Player Level 2","params":{"lines_18_safe":[0.3426446454216555,0.15334850454193485,0.058408692609154766,0.44559815742725495],"lines_19_safe":[0.35219313008628916,0.27119705609013384,0.08846978631201259,0.28814002751156437],"lines_18_danger":[0.7004835124997023,0.1698102552639768,0.06136990554518947,0.06833632669113136],"lines_19_danger":[0.6596309664164867,0.24689707513463116,0.059133622969088154,0.034338335479793994],"lines_29":[0.7234965168847488,0.1409652610456253,0.08034908676016186,0.05518913530946397],"safe_to_danger":[0.016308025360376,0.07073790113966139,0.31761214794698156],"danger_to_safe":[0.06836902774634793,0.027580834904161886,0],"danger_to_death":[0.002015065286374679,0.01187039360178251,1],"use_drop":1}}