{"_author":"Automatically generated with player_creator.js 0.9.1 (mu=0.5570577982344181, sigma=0.0676233796106742)","name":"Player Level 1","params":{"lines_18_safe":[0.374925458904407,0.14932651007078776,0.07008382739116442,0.40566420363364103],"lines_19_safe":[0.4012614357180198,0.2572979187762484,0.1040339061074165,0.23740673939831525],"lines_18_danger":[0.6988112856912115,0.1601437128356765,0.07813332895154625,0.06291167252156568],"lines_19_danger":[0.6710224606963651,0.22094476844912309,0.07858723823482891,0.0294455326196829],"lines_29":[0.752560651859961,0.12398032231470586,0.08318155874840837,0.04027746707692472],"safe_to_danger":[0.021797363487302254,0.09519934307610198,0.4225214123138144],"danger_to_safe":[0.05457301441980565,0.0250819537309484,0],"danger_to_death":[0.002663031436165234,0.015897955179374958,1],"use_drop":0}}