{"_author":"Automatically generated with player_creator.js 0.9.1 (mu=0.652985578834864, sigma=0.02280948792309309)","name":"Player Level 1","params":{"lines_18_safe":[0.3588976338293269,0.14985946592723765,0.06692852293814232,0.42431437730529326],"lines_19_safe":[0.3758777759113512,0.2623761208623144,0.09544937822623545,0.2662967250000988],"lines_18_danger":[0.7016393127203137,0.1655899566506876,0.06687573703985857,0.0658949935891402],"lines_19_danger":[0.6717804779503497,0.22700810738192856,0.06900015198563345,0.032211262682088175],"lines_29":[0.7330171047200403,0.13196991346426037,0.08338222532195318,0.05163075649374616],"safe_to_danger":[0.020276152750293215,0.08234983764907566,0.41403228598824565],"danger_to_safe":[0.06169847690397202,0.026565249633222075,0],"danger_to_death":[0.0021080921630521727,0.013750636721021135,1],"use_drop":0}}