{"_author":"Automatically generated with player_creator.js 0.9.1 (mu=0.7110873151764577, sigma=0.05312329524923943)","name":"Player Level 2","params":{"lines_18_safe":[0.3512244278265573,0.15254595920825942,0.06262883431439056,0.4336007786507927],"lines_19_safe":[0.34776219956670945,0.28075004574478424,0.0879073914919715,0.2835803631965349],"lines_18_danger":[0.6978697541851091,0.1651393377703837,0.06941148968184681,0.06757941836266054],"lines_19_danger":[0.6647445077956262,0.23979832514536992,0.06364345420846376,0.03181371285054016],"lines_29":[0.7316788953541858,0.1368001827539067,0.08194807362382914,0.04957284826807833],"safe_to_danger":[0.01789181024238544,0.0850599217107991,0.3839745304890896],"danger_to_safe":[0.06724628715795591,0.026430864664691613,0],"danger_to_death":[0.0017867550336722131,0.013261663690846288,1],"use_drop":0}}