{"_author":"Automatically generated with player_creator.js 0.9.1 (mu=0.36736267081998797, sigma=0.04087630067004094)","name":"Player Level 0","params":{"lines_18_safe":[0.3999146344408323,0.1521161641853505,0.08224976776444612,0.3657194336093711],"lines_19_safe":[0.4191637127897332,0.2335210477220738,0.1202790021589223,0.22703623732927058],"lines_18_danger":[0.6967723845217697,0.15785649121194525,0.08436720454742604,0.061003919718859045],"lines_19_danger":[0.7422411269985004,0.1627396702996549,0.07828136930732717,0.016737833394517572],"lines_29":[0.7665818068785181,0.11649046600056462,0.08975567064708301,0.027172056473834378],"safe_to_danger":[0.027007259620929387,0.12107306894429137,0.5868751571779285],"danger_to_safe":[0.052792014040894744,0.023616384134194365,0],"danger_to_death":[0.0032850451602550275,0.017373645242987346,1],"use_drop":1}}