{"_author":"Automatically generated with player_creator.js 0.9.1 (mu=0.9834028295383247, sigma=0.05259319640803309)","name":"Player Level 4","params":{"lines_18_safe":[0.30338594257216056,0.14935634419965413,0.05059477676241998,0.49666293646576526],"lines_19_safe":[0.3047296906039966,0.3036574159726901,0.07739815026454952,0.31421474315876385],"lines_18_danger":[0.7033533840355081,0.17408037626777656,0.048097133733222636,0.07446910596349267],"lines_19_danger":[0.5914239414429412,0.3128032712310941,0.05194118992717428,0.043831597398790494],"lines_29":[0.7010189499363163,0.1501134635449963,0.07848689365562776,0.0703806928630598],"safe_to_danger":[0.010763983128613847,0.0550479523807758,0.1989717510279958],"danger_to_safe":[0.08018571151626919,0.02823785211731952,0],"danger_to_death":[0.0006185023486530994,0.010186447179702083,1],"use_drop":1}}