{"_author":"Automatically generated with player_creator.js 0.9.1 (mu=0.8264013611938346, sigma=0.06247462298178126)","name":"Player Level 3","params":{"lines_18_safe":[0.32698722854994156,0.1490848830897685,0.061584567778107294,0.4623433205821826],"lines_19_safe":[0.33712813655534524,0.28137429613208625,0.09041693190692204,0.29108063540564644],"lines_18_danger":[0.7003502294950407,0.17017945363518772,0.05860074443786852,0.07086957243190303],"lines_19_danger":[0.6210891328604405,0.28277711918864473,0.05889364774756054,0.037240100203354214],"lines_29":[0.7234258989564999,0.13891821768773432,0.07876473782526278,0.058891145530502946],"safe_to_danger":[0.016759168109202756,0.06654839100187218,0.2372040126259446],"danger_to_safe":[0.06512232168553733,0.02749979058135575,0],"danger_to_death":[0.0017252713353989296,0.011920353937715887,1],"use_drop":0}}