{"_author":"Automatically generated with player_creator.js 0.9.1 (mu=0.866554001978764, sigma=0.06417334357858456)","name":"Player Level 3","params":{"lines_18_safe":[0.32456738745310876,0.1531491866675601,0.054881409083092136,0.467402016796239],"lines_19_safe":[0.3399006330604242,0.2838271712882667,0.07890749555148241,0.29736470009982685],"lines_18_danger":[0.6990989350673799,0.17175290485891137,0.057150524558922694,0.07199763551478613],"lines_19_danger":[0.6572640988884499,0.23944401040654875,0.06013966942131481,0.043152221283686454],"lines_29":[0.7113718397105938,0.14353728446097902,0.08052038730388976,0.06457048852453744],"safe_to_danger":[0.015347772591763384,0.06190164775695278,0.313386444419019],"danger_to_safe":[0.07343052053887035,0.0284378332802699,0],"danger_to_death":[0.0013056405512202498,0.009687012800268758,1],"use_drop":1}}