{"_author":"Automatically generated with player_creator.js 0.9.1 (mu=0.7160436617506873, sigma=0.06607018020426386)","name":"Player Level 2","params":{"lines_18_safe":[0.32880982390117647,0.1463846483139089,0.06230199319528573,0.4625035345896288],"lines_19_safe":[0.3575912098606132,0.2624342990644409,0.09308389628558829,0.2868905947893578],"lines_18_danger":[0.7036463687309875,0.1676895233790334,0.06147535991439565,0.06718874797558351],"lines_19_danger":[0.657880652094636,0.24148992412247047,0.06511698431962626,0.035512439463267265],"lines_29":[0.7295763174142507,0.13612513647206542,0.0827481137008037,0.051550432412880216],"safe_to_danger":[0.018004180780711327,0.06956213399875724,0.31783033295518354],"danger_to_safe":[0.06431863192593146,0.026683380864730422,0],"danger_to_death":[0.001895705787242347,0.010622553516329899,1],"use_drop":1}}