{"_author":"Automatically generated with player_creator.js 0.9.1 (mu=0.14573756442368707, sigma=0.06643724108640355)","name":"Player Level 0","params":{"lines_18_safe":[0.4170096444311567,0.1491126650960762,0.09217907221474891,0.34169861825801806],"lines_19_safe":[0.47971617883688344,0.21167227926292922,0.14299105942947882,0.1656204824707085],"lines_18_danger":[0.6997142749866073,0.15417356728049503,0.08941399175908528,0.056698165973812366],"lines_19_danger":[0.7654515140706974,0.132315318807544,0.08990401491417735,0.012329152207581066],"lines_29":[0.7872322634809292,0.10668481606111514,0.09696861303802226,0.009114307419933328],"safe_to_danger":[0.03111098391714121,0.13263282083505254,0.73336780560748],"danger_to_safe":[0.041694123009676086,0.0211021531373496,0],"danger_to_death":[0.004371201088417715,0.02264401152347141,1],"use_drop":0}}