{"_author":"Automatically generated with player_creator.js 0.9.1 (mu=0.6404646608886464, sigma=0.04531101997857397)","name":"Player Level 1","params":{"lines_18_safe":[0.36169056344216227,0.15080705223088173,0.066856526333908,0.420645857993048],"lines_19_safe":[0.3708910762715832,0.2555171339302568,0.10453267589190637,0.2690591139062536],"lines_18_danger":[0.6978397904400787,0.16537527791161652,0.06963571707838331,0.06714921456992144],"lines_19_danger":[0.6624706744622977,0.23543975804878356,0.06874038715823133,0.03334918033068724],"lines_29":[0.7378213350472728,0.13392289615629327,0.0815156597293329,0.04674010906710107],"safe_to_danger":[0.020859650389552016,0.08836854260018856,0.4292249769466611],"danger_to_safe":[0.06026768673789697,0.027306258523283843,0],"danger_to_death":[0.002167297602153403,0.012048082756317966,1],"use_drop":0}}