{"_author":"Automatically generated with player_creator.js 0.9.1 (mu=0.9798834901849794, sigma=0.09636005694614658)","name":"Player Level 4","params":{"lines_18_safe":[0.30116798495721,0.1480096256897765,0.046098937360857385,0.5047234519921563],"lines_19_safe":[0.29559465270106694,0.30554013737637353,0.07693380967840056,0.32193140024415895],"lines_18_danger":[0.6995134472522345,0.1757551905602689,0.050515114937763304,0.07421624724973332],"lines_19_danger":[0.6042018760056985,0.29830989273357494,0.052599338893012576,0.044888892367714],"lines_29":[0.7075419167770439,0.1427378136825473,0.07440073029726049,0.07531953924314831],"safe_to_danger":[0.012602654018123098,0.04477106314059219,0.21576976400340098],"danger_to_safe":[0.07829076644910041,0.030582847614552072,0],"danger_to_death":[0.0013380605646869867,0.005023887702130761,1],"use_drop":0}}