{"_author":"Automatically generated with player_creator.js 0.9.1 (mu=0.8518273410389137, sigma=0.048842469086026914)","name":"Player Level 2","params":{"lines_18_safe":[0.32450581538676887,0.15072915496959843,0.05686793362024565,0.4678970960233871],"lines_19_safe":[0.3231652498312329,0.2807036839546631,0.08406718416626431,0.31206388204783964],"lines_18_danger":[0.70140036919359,0.17225587777839002,0.05585528799339232,0.07048846503462769],"lines_19_danger":[0.625931580977868,0.27148653861640304,0.057683579559377,0.044898300846351914],"lines_29":[0.7180587832712565,0.1415687069851399,0.07968423338765633,0.060688276355947354],"safe_to_danger":[0.016767716593307842,0.0737605867002194,0.29480195252404695],"danger_to_safe":[0.07312162740527929,0.028978629283179826,0],"danger_to_death":[0.0014534834250418053,0.01037633497417704,1],"use_drop":0}}