{"_author":"Automatically generated with player_creator.js 0.9.1 (mu=0.5608616160346359, sigma=0.03277764956931721)","name":"Player Level 1","params":{"lines_18_safe":[0.36169540400567884,0.14674703708999823,0.07290582381033626,0.4186517350939868],"lines_19_safe":[0.3803927412828212,0.2579313879656476,0.10462630277349397,0.2570495679780373],"lines_18_danger":[0.7007183608077389,0.16337964288783585,0.07299450517995408,0.06290749112447126],"lines_19_danger":[0.6828429873110373,0.2179397736491374,0.07108493622971211,0.02813230281011319],"lines_29":[0.7438459170393795,0.12638660336287427,0.08562854186956778,0.04413893772817842],"safe_to_danger":[0.023095713164910228,0.09495092210419681,0.4957164967151751],"danger_to_safe":[0.05824218099890392,0.025218525141612408,0],"danger_to_death":[0.0025031683583460517,0.01467421048576302,1],"use_drop":0}}