{"_author":"Automatically generated with player_creator.js 0.9.1 (mu=0.9507285744977358, sigma=0.049803633162825614)","name":"Player Level 4","params":{"lines_18_safe":[0.3138932780722982,0.15318157392521237,0.05033203603326259,0.4825931119692268],"lines_19_safe":[0.31706928133226836,0.2977592551077575,0.07822555277686423,0.3069459107831098],"lines_18_danger":[0.6981135180586315,0.1729118881903445,0.055130984305834095,0.07384360944518976],"lines_19_danger":[0.6100180312709931,0.2937967626748585,0.05093161571776571,0.045253590336382786],"lines_29":[0.7081135289729694,0.13982412323970447,0.0774316061270541,0.07463074166027207],"safe_to_danger":[0.01447446022934204,0.05074031079210699,0.23006377916036147],"danger_to_safe":[0.07572522456419882,0.02951739482210109,0],"danger_to_death":[0.0008747397116700218,0.007699367475611764,1],"use_drop":1}}