{"_author":"Automatically generated with player_creator.js 0.9.1 (mu=0.8880891466250493, sigma=0.09917439326517999)","name":"Player Level 3","params":{"lines_18_safe":[0.3364013220588385,0.15016436454277357,0.055804320755324925,0.45762999264306303],"lines_19_safe":[0.3074536946806542,0.29816759409970683,0.09470825244792973,0.2996704587717093],"lines_18_danger":[0.7039423140682811,0.17338622591907651,0.05503479828111377,0.06763666173152856],"lines_19_danger":[0.6361011088399174,0.26810958772313187,0.051269556331610566,0.044519747105340145],"lines_29":[0.7064934446466002,0.14175938157550186,0.08103191603797348,0.0707152577399244],"safe_to_danger":[0.016957980115794146,0.05778107965634208,0.3320202046460055],"danger_to_safe":[0.07071057752751689,0.028261371402701782,0],"danger_to_death":[0.001099352295242244,0.009692060160696615,1],"use_drop":0}}