{"_author":"Automatically generated with player_creator.js 0.9.1 (mu=0.1519229239764201, sigma=0.08866105834873336)","name":"Player Level 0","params":{"lines_18_safe":[0.42429885239642573,0.15016384372355765,0.094876722971738,0.3306605809082786],"lines_19_safe":[0.4690668294606466,0.2180972139281067,0.15628503751996806,0.15655091909127855],"lines_18_danger":[0.6997076918426958,0.1534380273278189,0.09152098684505569,0.05533329398442956],"lines_19_danger":[0.7666680730814793,0.12819544230809324,0.09135235338965784,0.013784131220769484],"lines_29":[0.7895330353351361,0.09916812326698558,0.09744923579244384,0.013849605605434443],"safe_to_danger":[0.031767349548553106,0.13200895473983132,0.7374447926831561],"danger_to_safe":[0.040486619595804074,0.018761479312266627,0],"danger_to_death":[0.0038589757882717154,0.02069087292523218,1],"use_drop":0}}