{"_author":"Automatically generated with player_creator.js 0.9.1 (mu=0.9335642837842713, sigma=0.039609186917672304)","name":"Player Level 4","params":{"lines_18_safe":[0.3086889913779312,0.14979161493303492,0.054198552927089784,0.4873208407619442],"lines_19_safe":[0.3086548687641701,0.30106599926289446,0.07711152107856334,0.31316761089437223],"lines_18_danger":[0.699863942704669,0.17189304989578322,0.05232506643306321,0.07591794096648453],"lines_19_danger":[0.6171752890130796,0.2885487012841406,0.04807092526572714,0.04620508443705268],"lines_29":[0.7085217427823678,0.14679624606581693,0.07674446415496343,0.06793754699685182],"safe_to_danger":[0.012391531450188401,0.05433767369554153,0.23839962115151359],"danger_to_safe":[0.07467839819120681,0.029026413073741333,0],"danger_to_death":[0.0009184007127777298,0.008961409668809522,1],"use_drop":1}}