{"_author":"Automatically generated with player_creator.js 0.9.1 (mu=0.3805593863835783, sigma=0.03299036206417069)","name":"Player Level 1","params":{"lines_18_safe":[0.3935689528605911,0.1516002398641537,0.07886224158852129,0.37596856568673376],"lines_19_safe":[0.42308497919808474,0.23227470737854408,0.1202180711687536,0.22442224225461757],"lines_18_danger":[0.7001977946693319,0.15971658851828519,0.07956966217097722,0.06051595464140586],"lines_19_danger":[0.7185247999415361,0.17908616997245647,0.0828939929467568,0.019495037139250673],"lines_29":[0.7578969112100725,0.12136809323309966,0.08916243921565892,0.03157255634116891],"safe_to_danger":[0.026758001481688515,0.11217008051176376,0.58547161532714],"danger_to_safe":[0.05066357253414999,0.023470794784863806,0],"danger_to_death":[0.0031901313742949506,0.018215095496526904,1],"use_drop":1}}