{"_author":"Automatically generated with player_creator.js 0.9.1 (mu=0.8502060173339788, sigma=0.078325804970753)","name":"Player Level 3","params":{"lines_18_safe":[0.321449226465307,0.15335478625647997,0.05754682215270551,0.4676491651255074],"lines_19_safe":[0.3302662601212614,0.2737272688386483,0.08699273665541345,0.3090137343846769],"lines_18_danger":[0.7015285959583117,0.1716581692466955,0.05941517696946082,0.06739805782553189],"lines_19_danger":[0.6242892948789368,0.25744885206116663,0.06750804141349005,0.050753811646406556],"lines_29":[0.7059212820638091,0.13702298315133235,0.08174192018689384,0.07531381459796466],"safe_to_danger":[0.017403185108866605,0.07110372338794295,0.35059499994325594],"danger_to_safe":[0.07016852731744314,0.029164537350713417,0],"danger_to_death":[0.0005684253026595459,0.010316380758342394,1],"use_drop":0}}