{"_author":"Automatically generated with player_creator.js 0.9.1 (mu=0.26696692986628395, sigma=0.045702913167032434)","name":"Player Level 0","params":{"lines_18_safe":[0.40768367111696024,0.1486900441819203,0.08700542116824905,0.35662086353287037],"lines_19_safe":[0.4474450630330341,0.22096891366973445,0.12482158735122886,0.20676443594600263],"lines_18_danger":[0.7008864716109966,0.15750401625277513,0.0856944012234505,0.055915110912777795],"lines_19_danger":[0.7478386427535639,0.15539608036651648,0.08376322382858048,0.013002053051339063],"lines_29":[0.7722521392772165,0.11404757053014275,0.08941256174067302,0.024287728451967708],"safe_to_danger":[0.029443144991060294,0.12687627370066942,0.6318157807931745],"danger_to_safe":[0.04695763178551099,0.022895293669306132,0],"danger_to_death":[0.004022487061629934,0.02048933427990406,1],"use_drop":1}}