{"_author":"Automatically generated with player_creator.js 0.9.1 (mu=0.7943826380841585, sigma=0.05466619958245347)","name":"Player Level 2","params":{"lines_18_safe":[0.33046455451548723,0.15285347963011314,0.061728023561872715,0.45495394229252684],"lines_19_safe":[0.35006105559301764,0.28202841988977967,0.08564638594995382,0.2822641385672489],"lines_18_danger":[0.6990720033312432,0.17023394948783496,0.059684377118931334,0.07100967006199041],"lines_19_danger":[0.6529650187524292,0.2465852792768273,0.061910253775516934,0.03853944819522657],"lines_29":[0.7097612135287061,0.14001997062044189,0.07804932246487342,0.07216949338597854],"safe_to_danger":[0.016355558823431034,0.07963529275147233,0.36783708113676544],"danger_to_safe":[0.06685533919282347,0.02637697305242558,0],"danger_to_death":[0.0013027624111333212,0.010014506685658543,1],"use_drop":0}}