{"_author":"Automatically generated with player_creator.js 0.9.1 (mu=0.4802966113248975, sigma=0.07414490935174661)","name":"Player Level 1","params":{"lines_18_safe":[0.3676275766062474,0.1500903840934122,0.0797751879571441,0.40250685134319636],"lines_19_safe":[0.3892464313789448,0.24831510668711385,0.12784390930904002,0.23459455262490134],"lines_18_danger":[0.7019439334144604,0.16047124591994583,0.07311403838174074,0.06447078228385292],"lines_19_danger":[0.6966258549783378,0.1951778409699475,0.07909300947000354,0.02910329458171095],"lines_29":[0.7492992345089919,0.12298498810217665,0.08843959715972205,0.03927618022910931],"safe_to_danger":[0.026561246426278447,0.09827808200071567,0.47174200175554776],"danger_to_safe":[0.046883029930849876,0.02552059982591582,0],"danger_to_death":[0.0034531088109390744,0.017671320923654005,1],"use_drop":0}}