{"_author":"Automatically generated with player_creator.js 0.9.1 (mu=0.9149679694713786, sigma=0.023239461734111594)","name":"Player Level 4","params":{"lines_18_safe":[0.31340057645282615,0.15017910635980447,0.05357286014205456,0.4828474570453148],"lines_19_safe":[0.3163774862289748,0.2936228321703666,0.07624422410930014,0.31375545749135836],"lines_18_danger":[0.7014063329794855,0.17229730000912957,0.0533433365606153,0.07295303045076965],"lines_19_danger":[0.622131461266991,0.2772510066878981,0.0541736674334291,0.046443864611681755],"lines_29":[0.7071044318890637,0.14590191291119664,0.07803198856777063,0.06896166663196897],"safe_to_danger":[0.013881870728036136,0.05473988423327383,0.2627074656217807],"danger_to_safe":[0.07591606067907598,0.029311105587097645,0],"danger_to_death":[0.0008417171791744388,0.008378528676935268,1],"use_drop":0}}