{"_author":"Automatically generated with player_creator.js 0.9.1 (mu=0.8338407952746268, sigma=0.02581359086721274)","name":"Player Level 3","params":{"lines_18_safe":[0.32169767041090747,0.15132872257393062,0.059664025247533836,0.46730958176762805],"lines_19_safe":[0.3341147494989813,0.28171380808131236,0.08343112061741474,0.3007403218022917],"lines_18_danger":[0.701121857590487,0.16927378888993888,0.05804041833484716,0.0715639351847271],"lines_19_danger":[0.629290874152279,0.273032045516712,0.055776650333307774,0.04190042999770108],"lines_29":[0.7144496424685889,0.14265372600233878,0.07955545444800989,0.06334117708106242],"safe_to_danger":[0.014839305519022416,0.06332315357407517,0.30201625610778454],"danger_to_safe":[0.07328892620632146,0.028252074121310762,0],"danger_to_death":[0.0010880522625474611,0.01052856115468516,1],"use_drop":0}}