{"_author":"Automatically generated with player_creator.js 0.9.1 (mu=0.7508049892446587, sigma=0.09489766625803825)","name":"Player Level 2","params":{"lines_18_safe":[0.3303719556265098,0.1421345065844052,0.06312311850948056,0.4643704192796044],"lines_19_safe":[0.34892253553749997,0.27351030592114334,0.08557011626037614,0.2919970422809805],"lines_18_danger":[0.7033493057135123,0.16759601658338888,0.05998297195378025,0.06907170574931858],"lines_19_danger":[0.6651026442544146,0.2392742025701987,0.05656576084564381,0.03905739232974288],"lines_29":[0.7151943219468628,0.1462355284420784,0.08221712066567774,0.0563530289453809],"safe_to_danger":[0.019300241860576044,0.07208554649265585,0.3649337587310504],"danger_to_safe":[0.0720776063046547,0.027923744526018382,0],"danger_to_death":[0.0016008519743084346,0.010015858224513903,1],"use_drop":1}}