{"_author":"Automatically generated with player_creator.js 0.9.1 (mu=0.1849880311591593, sigma=0.06885512880338145)","name":"Player Level 0","params":{"lines_18_safe":[0.4138365277955295,0.15145694027225623,0.09441913206103804,0.3402873998711762],"lines_19_safe":[0.4681257827263329,0.21579306448980926,0.1316032724605515,0.18447788032330634],"lines_18_danger":[0.7000374317065805,0.1518984057389009,0.09130408530736099,0.056760077247157634],"lines_19_danger":[0.7713510618137468,0.12982641706147802,0.09021838506744426,0.00860413605733103],"lines_29":[0.7761838257322365,0.11469493274849919,0.09745548893275484,0.011665752586509379],"safe_to_danger":[0.03401564205674172,0.13475947944048403,0.6640745350178953],"danger_to_safe":[0.03825426379291941,0.022694679862583143,0],"danger_to_death":[0.004668135674745159,0.02241639018063895,1],"use_drop":0}}